Session,Average_Sentiment_Score
1,0.2933181818181818
2,0.5650777777777778
3,0.10409166666666668
4,0.26534
5,0.3462222222222222
6,0.27575
7,0.02371000000000001
8,0.374675
9,0.3741666666666667
10,0.4975625
