Session,Average_Sentiment_Score,Weight,Weighted_Sentiment
1,0.2933181818181818,1,0.2933181818181818
2,0.5650777777777778,2,1.1301555555555556
3,0.1040916666666666,3,0.3122749999999998
4,0.26534,4,1.06136
5,0.3462222222222222,5,1.731111111111111
6,0.27575,6,1.6545
7,0.02371,7,0.16596999999999998
8,0.374675,8,2.9974
9,0.3741666666666667,9,3.3675
10,0.4975625,10,4.975625
